{"ALLERGY": 0.10286279022693634, "ASSESSMENT": -1.8241353034973145, "CC": 1.3198705911636353, "DIAGNOSIS": -2.0211431980133057, "DISPOSITION": -0.5819780230522156, "EDCOURSE": -2.5970027446746826, "EXAM": -1.5801172256469727, "FAM/SOCHX": 1.2049411535263062, "GENHX": -1.6845046281814575, "GYNHX": -2.530688524246216, "IMAGING": -1.0945297479629517, "IMMUNIZATIONS": -1.3648302555084229, "LABS": -2.7171084880828857, "MEDICATIONS": -0.324740469455719, "OTHER_HISTORY": -2.5074000358581543, "PASTMEDICALHX": -1.34405517578125, "PASTSURGICAL": -1.6546858549118042, "PLAN": -0.8624375462532043, "PROCEDURES": -2.763429880142212, "ROS": 0.5384843945503235}