{"ALLERGY": -1.0051215887069702, "ASSESSMENT": -0.8566749691963196, "CC": 0.6493853330612183, "DIAGNOSIS": -1.8158754110336304, "DISPOSITION": -0.4734193682670593, "EDCOURSE": -2.889052152633667, "EXAM": -1.994666576385498, "FAM/SOCHX": -0.798091471195221, "GENHX": -1.5161035060882568, "GYNHX": -3.06905198097229, "IMAGING": -2.6960840225219727, "IMMUNIZATIONS": -1.7641994953155518, "LABS": -2.366805076599121, "MEDICATIONS": 0.7266306281089783, "OTHER_HISTORY": -2.3069965839385986, "PASTMEDICALHX": 0.07037104666233063, "PASTSURGICAL": 0.7050761580467224, "PLAN": -1.647306203842163, "PROCEDURES": -2.799168825149536, "ROS": -0.49043339490890503}