{"ALLERGY": 1.176930546760559, "ASSESSMENT": -1.0130964517593384, "CC": -1.0491148233413696, "DIAGNOSIS": -2.047919750213623, "DISPOSITION": -1.7365984916687012, "EDCOURSE": -2.597790241241455, "EXAM": -1.248961329460144, "FAM/SOCHX": 2.4725899696350098, "GENHX": -0.7558519244194031, "GYNHX": -2.9949002265930176, "IMAGING": -2.426069974899292, "IMMUNIZATIONS": -0.35566380620002747, "LABS": -2.090463876724243, "MEDICATIONS": -0.4378696084022522, "OTHER_HISTORY": -3.2970128059387207, "PASTMEDICALHX": -1.2937017679214478, "PASTSURGICAL": 0.7554813027381897, "PLAN": -2.451024293899536, "PROCEDURES": -2.2053935527801514, "ROS": 0.9997930526733398}