{
  "all": {
    "model_architecure": {
      "0": "dialogled-base",
      "1": "dialogled-large"
    },
    "rouge1": {
      "0": 0.5035673003658998,
      "1": 0.5235292577351001
    },
    "rouge2": {
      "0": 0.22568842501101027,
      "1": 0.23464717699753185
    },
    "rougeL": {
      "0": 0.2667572258822756,
      "1": 0.27260793350249096
    },
    "rougeLsum": {
      "0": 0.43565612205387155,
      "1": 0.44907830532756543
    },
    "bertscore_precision": {
      "0": 0.6258401968899895,
      "1": 0.6266648944296869
    },
    "bertscore_recall": {
      "0": 0.639690327059989,
      "1": 0.651703845441731
    },
    "bertscore_f1": {
      "0": 0.6324359605514925,
      "1": 0.6387661818974937
    },
    "bleurt": {
      "0": 0.30148326371814693,
      "1": 0.32755392622324375
    }
  },
  "dataset-virtassist": {
    "model_architecure": {
      "0": "dialogled-base",
      "1": "dialogled-large"
    },
    "rouge1": {
      "0": 0.512522383488828,
      "1": 0.5390366836294194
    },
    "rouge2": {
      "0": 0.25837037039977573,
      "1": 0.26057886790273865
    },
    "rougeL": {
      "0": 0.2999777490425294,
      "1": 0.3002075564004148
    },
    "rougeLsum": {
      "0": 0.4526403327412156,
      "1": 0.4726438480335803
    },
    "bertscore_precision": {
      "0": 0.6400032998834337,
      "1": 0.6322819199732372
    },
    "bertscore_recall": {
      "0": 0.6475229623488017,
      "1": 0.664143505011286
    },
    "bertscore_f1": {
      "0": 0.6433240058592388,
      "1": 0.647581724013601
    },
    "bleurt": {
      "0": 0.3226149519426482,
      "1": 0.32266361943313054
    }
  },
  "dataset-virtscribe": {
    "model_architecure": {
      "0": "dialogled-base",
      "1": "dialogled-large"
    },
    "rouge1": {
      "0": 0.5232732531681015,
      "1": 0.5193391079505773
    },
    "rouge2": {
      "0": 0.22028121549070673,
      "1": 0.22319336244846966
    },
    "rougeL": {
      "0": 0.2388419152458665,
      "1": 0.24934106792010166
    },
    "rougeLsum": {
      "0": 0.4457133740363691,
      "1": 0.43545127202016437
    },
    "bertscore_precision": {
      "0": 0.6060272057851155,
      "1": 0.6169552753369014
    },
    "bertscore_recall": {
      "0": 0.6236732294162114,
      "1": 0.6345338523387909
    },
    "bertscore_f1": {
      "0": 0.6146436651547751,
      "1": 0.6255797227223715
    },
    "bleurt": {
      "0": 0.3005619073907534,
      "1": 0.3669838786125183
    }
  },
  "dataset-aci": {
    "model_architecure": {
      "0": "dialogled-base",
      "1": "dialogled-large"
    },
    "rouge1": {
      "0": 0.5002503645691238,
      "1": 0.5226884480488698
    },
    "rouge2": {
      "0": 0.21235695181955094,
      "1": 0.2281318022050643
    },
    "rougeL": {
      "0": 0.2582811173240282,
      "1": 0.2717251754262494
    },
    "rougeLsum": {
      "0": 0.4279573404502178,
      "1": 0.44623160843992504
    },
    "bertscore_precision": {
      "0": 0.6298712830694895,
      "1": 0.6337353053547087
    },
    "bertscore_recall": {
      "0": 0.6427860541003091,
      "1": 0.6550279553920504
    },
    "bertscore_f1": {
      "0": 0.6360862824651929,
      "1": 0.644071596387833
    },
    "bleurt": {
      "0": 0.29664799925826846,
      "1": 0.32411942179240877
    }
  },
  "division-subjective": {
    "model_architecure": {
      "0": "dialogled-base",
      "1": "dialogled-large"
    },
    "rouge1": {
      "0": 0.3977047517589275,
      "1": 0.3979487659615196
    },
    "rouge2": {
      "0": 0.16884910014231239,
      "1": 0.1643014500836937
    },
    "rougeL": {
      "0": 0.2305221030746707,
      "1": 0.22892054805606626
    },
    "rougeLsum": {
      "0": 0.2305221030746707,
      "1": 0.22892054805606626
    },
    "bertscore_precision": {
      "0": 0.622138170089597,
      "1": 0.60653548737367
    },
    "bertscore_recall": {
      "0": 0.6421338592869004,
      "1": 0.6568160418591468
    },
    "bertscore_f1": {
      "0": 0.6302744919957679,
      "1": 0.6290779367381452
    },
    "bleurt": {
      "0": 0.3313526023252337,
      "1": 0.35429031722296295
    }
  },
  "division-objective_exam": {
    "model_architecure": {
      "0": "dialogled-base",
      "1": "dialogled-large"
    },
    "rouge1": {
      "0": 0.4431549415226136,
      "1": 0.46498864670087076
    },
    "rouge2": {
      "0": 0.2744368821141297,
      "1": 0.29964414315242316
    },
    "rougeL": {
      "0": 0.3553775605284117,
      "1": 0.3854778976459155
    },
    "rougeLsum": {
      "0": 0.3553775605284117,
      "1": 0.3854778976459155
    },
    "bertscore_precision": {
      "0": 0.723491953810056,
      "1": 0.727687103023716
    },
    "bertscore_recall": {
      "0": 0.6741251385484646,
      "1": 0.7014538219551635
    },
    "bertscore_f1": {
      "0": 0.6948603307304818,
      "1": 0.7099988932897843
    },
    "bleurt": {
      "0": 0.3584333863912844,
      "1": 0.3905789147405064
    }
  },
  "division-objective_results": {
    "model_architecure": {
      "0": "dialogled-base",
      "1": "dialogled-large"
    },
    "rouge1": {
      "0": 0.42826085314697054,
      "1": 0.4710051639840612
    },
    "rouge2": {
      "0": 0.295066837621899,
      "1": 0.3317882754611101
    },
    "rougeL": {
      "0": 0.4194860238371234,
      "1": 0.4537198187938567
    },
    "rougeLsum": {
      "0": 0.4194860238371234,
      "1": 0.4537198187938567
    },
    "bertscore_precision": {
      "0": 0.7289095519999274,
      "1": 0.7276879721802045
    },
    "bertscore_recall": {
      "0": 0.6989085181476244,
      "1": 0.7231447430217968
    },
    "bertscore_f1": {
      "0": 0.711885518108318,
      "1": 0.7233947157859802
    },
    "bleurt": {
      "0": 0.4530513619480569,
      "1": 0.4931055108316583
    }
  },
  "division-assessment_and_plan": {
    "model_architecure": {
      "0": "dialogled-base",
      "1": "dialogled-large"
    },
    "rouge1": {
      "0": 0.4054768289557277,
      "1": 0.41191973965280504
    },
    "rouge2": {
      "0": 0.17456791415390588,
      "1": 0.1815078176384079
    },
    "rougeL": {
      "0": 0.2543152128122249,
      "1": 0.25826647843203476
    },
    "rougeLsum": {
      "0": 0.2543152128122249,
      "1": 0.25826647843203476
    },
    "bertscore_precision": {
      "0": 0.6598498818531535,
      "1": 0.6648263789080326
    },
    "bertscore_recall": {
      "0": 0.6069318800969841,
      "1": 0.6171260249380972
    },
    "bertscore_f1": {
      "0": 0.6311280306258233,
      "1": 0.638866874517179
    },
    "bleurt": {
      "0": 0.3680771382805569,
      "1": 0.4252041333446316
    }
  },
  "longer-src": {
    "model_architecure": {
      "0": "dialogled-base",
      "1": "dialogled-large"
    },
    "rouge1": {
      "0": 0.5035673003658998,
      "1": 0.5235292577351001
    },
    "rouge2": {
      "0": 0.22568842501101027,
      "1": 0.23464717699753185
    },
    "rougeL": {
      "0": 0.2667572258822756,
      "1": 0.27260793350249096
    },
    "rougeLsum": {
      "0": 0.43565612205387155,
      "1": 0.44907830532756543
    },
    "bertscore_precision": {
      "0": 0.6258401968899895,
      "1": 0.6266648944296869
    },
    "bertscore_recall": {
      "0": 0.639690327059989,
      "1": 0.651703845441731
    },
    "bertscore_f1": {
      "0": 0.6324359605514925,
      "1": 0.6387661818974937
    },
    "bleurt": {
      "0": 0.30148326371814693,
      "1": 0.32755392622324375
    }
  }
}