{
    "all": {
        "rouge1": [
            0.4832410442680329
        ],
        "rouge2": [
            0.19902140664550605
        ],
        "rougeL": [
            0.23850517064427995
        ],
        "rougeLsum": [
            0.42206957127125855
        ],
        "bertscore_precision": [
            0.6122375937069163
        ],
        "bertscore_recall": [
            0.6280827662524056
        ],
        "bertscore_f1": [
            0.6198325507781085
        ],
        "bleurt": [
            0.297880561912761
        ]
    },
    "dataset-virtassist": {
        "rouge1": [
            0.49753045878072
        ],
        "rouge2": [
            0.24892638036809817
        ],
        "rougeL": [
            0.28041151280545856
        ],
        "rougeLsum": [
            0.4539494415751991
        ],
        "bertscore_precision": [
            0.6384418606758118
        ],
        "bertscore_recall": [
            0.6282661259174347
        ],
        "bertscore_f1": [
            0.6332236528396606
        ],
        "bleurt": [
            0.3400062471628189
        ]
    },
    "dataset-virtscribe": {
        "rouge1": [
            0.5445935280189423
        ],
        "rouge2": [
            0.1723320158102767
        ],
        "rougeL": [
            0.18468823993685873
        ],
        "rougeLsum": [
            0.430939226519337
        ],
        "bertscore_precision": [
            0.6010857820510864
        ],
        "bertscore_recall": [
            0.6219087839126587
        ],
        "bertscore_f1": [
            0.6113200187683105
        ],
        "bleurt": [
            0.33105820417404175
        ]
    },
    "dataset-aci": {
        "rouge1": [
            0.47681737906972693
        ],
        "rouge2": [
            0.19379850974479496
        ],
        "rougeL": [
            0.23636261681464169
        ],
        "rougeLsum": [
            0.4168817572815472
        ],
        "bertscore_precision": [
            0.6092906849724906
        ],
        "bertscore_recall": [
            0.6284975707530975
        ],
        "bertscore_f1": [
            0.6185275741985866
        ],
        "bleurt": [
            0.289492775286947
        ]
    },
    "division-subjective": {
        "rouge1": [
            0.3452112937034881
        ],
        "rouge2": [
            0.15006976433083125
        ],
        "rougeL": [
            0.19807213265431592
        ],
        "rougeLsum": [
            0.19807213265431592
        ],
        "bertscore_precision": [
            0.6010083345805898
        ],
        "bertscore_recall": [
            0.6377413132611442
        ],
        "bertscore_f1": [
            0.6164202795309179
        ],
        "bleurt": [
            0.32639096677303314
        ]
    },
    "division-objective_exam": {
        "rouge1": [
            0.43163393730633537
        ],
        "rouge2": [
            0.2508328564101764
        ],
        "rougeL": [
            0.3273196784614407
        ],
        "rougeLsum": [
            0.3273196784614407
        ],
        "bertscore_precision": [
            0.7230089762631584
        ],
        "bertscore_recall": [
            0.6645621236632852
        ],
        "bertscore_f1": [
            0.6900934366618886
        ],
        "bleurt": [
            0.3580886669018689
        ]
    },
    "division-objective_results": {
        "rouge1": [
            0.40796183281239357
        ],
        "rouge2": [
            0.2769634227009819
        ],
        "rougeL": [
            0.3996434759446143
        ],
        "rougeLsum": [
            0.3996434759446143
        ],
        "bertscore_precision": [
            0.6884154431960162
        ],
        "bertscore_recall": [
            0.707291890593136
        ],
        "bertscore_f1": [
            0.6972001528038698
        ],
        "bleurt": [
            0.46749472968718586
        ]
    },
    "division-assessment_and_plan": {
        "rouge1": [
            0.38761439765513883
        ],
        "rouge2": [
            0.1313806438614951
        ],
        "rougeL": [
            0.2235598421381252
        ],
        "rougeLsum": [
            0.2235598421381252
        ],
        "bertscore_precision": [
            0.642222572775448
        ],
        "bertscore_recall": [
            0.5872011342469383
        ],
        "bertscore_f1": [
            0.6125214906299815
        ],
        "bleurt": [
            0.34382852123064156
        ]
    },
    "longer-src": {
        "rouge1": [
            0.4832410442680329
        ],
        "rouge2": [
            0.19902140664550605
        ],
        "rougeL": [
            0.23850517064427995
        ],
        "rougeLsum": [
            0.42206957127125855
        ],
        "bertscore_precision": [
            0.6122375937069163
        ],
        "bertscore_recall": [
            0.6280827662524056
        ],
        "bertscore_f1": [
            0.6198325507781085
        ],
        "bleurt": [
            0.297880561912761
        ]
    }
}