{
    "all": {
        "rouge1": [
            0.5345409860884125
        ],
        "rouge2": [
            0.2555718901695542
        ],
        "rougeL": [
            0.2990755021338102
        ],
        "rougeLsum": [
            0.4602874911465474
        ],
        "bertscore_precision": [
            0.645497928647434
        ],
        "bertscore_recall": [
            0.6543377041816711
        ],
        "bertscore_f1": [
            0.6496919393539429
        ],
        "bleurt": [
            0.3131629070814918
        ]
    },
    "dataset-virtassist": {
        "rouge1": [
            0.5283226691144142
        ],
        "rouge2": [
            0.26128597534658304
        ],
        "rougeL": [
            0.3100862958805274
        ],
        "rougeLsum": [
            0.46820026379499985
        ],
        "bertscore_precision": [
            0.6502360275813511
        ],
        "bertscore_recall": [
            0.658339398247855
        ],
        "bertscore_f1": [
            0.6539151753698077
        ],
        "bleurt": [
            0.3213631170136588
        ]
    },
    "dataset-virtscribe": {
        "rouge1": [
            0.5450107047556427
        ],
        "rouge2": [
            0.26930635226490723
        ],
        "rougeL": [
            0.28214629710878414
        ],
        "rougeLsum": [
            0.4844726135743751
        ],
        "bertscore_precision": [
            0.6200885574022929
        ],
        "bertscore_recall": [
            0.6316341161727905
        ],
        "bertscore_f1": [
            0.6257223685582479
        ],
        "bleurt": [
            0.26844286918640137
        ]
    },
    "dataset-aci": {
        "rouge1": [
            0.5362722807764551
        ],
        "rouge2": [
            0.24397160695165968
        ],
        "rougeL": [
            0.2953200819692469
        ],
        "rougeLsum": [
            0.4420096660290259
        ],
        "bertscore_precision": [
            0.6516495602471488
        ],
        "bertscore_recall": [
            0.6600661192621503
        ],
        "bertscore_f1": [
            0.6557413765362331
        ],
        "bleurt": [
            0.32412842767579214
        ]
    },
    "division-subjective": {
        "rouge1": [
            0.4612202699540062
        ],
        "rouge2": [
            0.19884196274398633
        ],
        "rougeL": [
            0.2705684916540553
        ],
        "rougeLsum": [
            0.2705684916540553
        ],
        "bertscore_precision": [
            0.6571289721657249
        ],
        "bertscore_recall": [
            0.6527777805047876
        ],
        "bertscore_f1": [
            0.6542526974397547
        ],
        "bleurt": [
            0.35164260513642254
        ]
    },
    "division-objective_exam": {
        "rouge1": [
            0.454143487344542
        ],
        "rouge2": [
            0.2709674183032052
        ],
        "rougeL": [
            0.3643489946461435
        ],
        "rougeLsum": [
            0.3643489946461435
        ],
        "bertscore_precision": [
            0.7161702478633207
        ],
        "bertscore_recall": [
            0.6784855951281155
        ],
        "bertscore_f1": [
            0.6946280300617218
        ],
        "bleurt": [
            0.36010556185946746
        ]
    },
    "division-objective_results": {
        "rouge1": [
            0.429972306847487
        ],
        "rouge2": [
            0.26231812331021026
        ],
        "rougeL": [
            0.42056053264053866
        ],
        "rougeLsum": [
            0.42056053264053866
        ],
        "bertscore_precision": [
            0.7540007373865913
        ],
        "bertscore_recall": [
            0.7025616221568164
        ],
        "bertscore_f1": [
            0.7258652185692507
        ],
        "bleurt": [
            0.4476684875348035
        ]
    },
    "division-assessment_and_plan": {
        "rouge1": [
            0.44181662294100477
        ],
        "rouge2": [
            0.21057738933113934
        ],
        "rougeL": [
            0.28664106182190985
        ],
        "rougeLsum": [
            0.28664106182190985
        ],
        "bertscore_precision": [
            0.6671948748476365
        ],
        "bertscore_recall": [
            0.6273985750534955
        ],
        "bertscore_f1": [
            0.6453476863748887
        ],
        "bleurt": [
            0.3955675871933208
        ]
    },
    "longer-src": {
        "rouge1": [
            0.5345409860884125
        ],
        "rouge2": [
            0.2555718901695542
        ],
        "rougeL": [
            0.2990755021338102
        ],
        "rougeLsum": [
            0.4602874911465474
        ],
        "bertscore_precision": [
            0.645497928647434
        ],
        "bertscore_recall": [
            0.6543377041816711
        ],
        "bertscore_f1": [
            0.6496919393539429
        ],
        "bleurt": [
            0.3131629070814918
        ]
    }
}