{
    "all": {
        "rouge1": [
            0.485356378443593
        ],
        "rouge2": [
            0.2165894293375642
        ],
        "rougeL": [
            0.26087934432875354
        ],
        "rougeLsum": [
            0.4242532287619945
        ],
        "bertscore_precision": [
            0.619188990857866
        ],
        "bertscore_recall": [
            0.6276801394091712
        ],
        "bertscore_f1": [
            0.6230627629492018
        ],
        "bleurt": [
            0.30214331795771915
        ]
    },
    "dataset-virtassist": {
        "rouge1": [
            0.4750760033807723
        ],
        "rouge2": [
            0.23973222844942121
        ],
        "rougeL": [
            0.2928752809006844
        ],
        "rougeLsum": [
            0.4133925855340542
        ],
        "bertscore_precision": [
            0.6345531225204468
        ],
        "bertscore_recall": [
            0.6354658722877502
        ],
        "bertscore_f1": [
            0.6342327713966369
        ],
        "bleurt": [
            0.2845324367284775
        ]
    },
    "dataset-virtscribe": {
        "rouge1": [
            0.5085713752244342
        ],
        "rouge2": [
            0.23703153285570575
        ],
        "rougeL": [
            0.2696888486996431
        ],
        "rougeLsum": [
            0.4408461773826363
        ],
        "bertscore_precision": [
            0.5881202220916748
        ],
        "bertscore_recall": [
            0.6057341247797012
        ],
        "bertscore_f1": [
            0.5967516601085663
        ],
        "bleurt": [
            0.34639425575733185
        ]
    },
    "dataset-aci": {
        "rouge1": [
            0.4807499215758973
        ],
        "rouge2": [
            0.19464693937846955
        ],
        "rougeL": [
            0.23918848873506335
        ],
        "rougeLsum": [
            0.4229122756127872
        ],
        "bertscore_precision": [
            0.6244617038302951
        ],
        "bertscore_recall": [
            0.6331085165341696
        ],
        "bertscore_f1": [
            0.6285510261853536
        ],
        "bleurt": [
            0.2922600573963589
        ]
    },
    "division-subjective": {
        "rouge1": [
            0.35516694467098087
        ],
        "rouge2": [
            0.14979329938065475
        ],
        "rougeL": [
            0.21141825608469733
        ],
        "rougeLsum": [
            0.21141825608469733
        ],
        "bertscore_precision": [
            0.6071013609568278
        ],
        "bertscore_recall": [
            0.6361942688624064
        ],
        "bertscore_f1": [
            0.6191244290934669
        ],
        "bleurt": [
            0.33268916110197705
        ]
    },
    "division-objective_exam": {
        "rouge1": [
            0.4160146617319473
        ],
        "rouge2": [
            0.262596903823457
        ],
        "rougeL": [
            0.33288921246009195
        ],
        "rougeLsum": [
            0.33288921246009195
        ],
        "bertscore_precision": [
            0.7455909881326888
        ],
        "bertscore_recall": [
            0.644730238450898
        ],
        "bertscore_f1": [
            0.689195841550827
        ],
        "bleurt": [
            0.34265072726541096
        ]
    },
    "division-objective_results": {
        "rouge1": [
            0.42143538745974046
        ],
        "rouge2": [
            0.30015524003633093
        ],
        "rougeL": [
            0.4103812564056094
        ],
        "rougeLsum": [
            0.4103812564056094
        ],
        "bertscore_precision": [
            0.7093704359398948
        ],
        "bertscore_recall": [
            0.6874949236710867
        ],
        "bertscore_f1": [
            0.696717220875952
        ],
        "bleurt": [
            0.44029129876030815
        ]
    },
    "division-assessment_and_plan": {
        "rouge1": [
            0.4133594192244081
        ],
        "rouge2": [
            0.1982953396525162
        ],
        "rougeL": [
            0.2816977337831734
        ],
        "rougeLsum": [
            0.2816977337831734
        ],
        "bertscore_precision": [
            0.6785889466603597
        ],
        "bertscore_recall": [
            0.6087699896759458
        ],
        "bertscore_f1": [
            0.6409316460291544
        ],
        "bleurt": [
            0.3654176940520604
        ]
    },
    "longer-src": {
        "rouge1": [
            0.485356378443593
        ],
        "rouge2": [
            0.2165894293375642
        ],
        "rougeL": [
            0.26087934432875354
        ],
        "rougeLsum": [
            0.4242532287619945
        ],
        "bertscore_precision": [
            0.619188990857866
        ],
        "bertscore_recall": [
            0.6276801394091712
        ],
        "bertscore_f1": [
            0.6230627629492018
        ],
        "bleurt": [
            0.30214331795771915
        ]
    }
}