{
    "all": {
        "rouge1": [
            0.5109345650460124
        ],
        "rouge2": [
            0.23950250301341125
        ],
        "rougeL": [
            0.28613750523736964
        ],
        "rougeLsum": [
            0.44778268095014057
        ],
        "bertscore_precision": [
            0.6360870566633012
        ],
        "bertscore_recall": [
            0.6581543419096205
        ],
        "bertscore_f1": [
            0.6466562284363641
        ],
        "bleurt": [
            0.3228210012118022
        ]
    },
    "dataset-virtassist": {
        "rouge1": [
            0.5159894349430127
        ],
        "rouge2": [
            0.2504141346995409
        ],
        "rougeL": [
            0.2942433713407988
        ],
        "rougeLsum": [
            0.44846289976393994
        ],
        "bertscore_precision": [
            0.6184462819780622
        ],
        "bertscore_recall": [
            0.6580322299684797
        ],
        "bertscore_f1": [
            0.6372340491839817
        ],
        "bleurt": [
            0.3208483840738024
        ]
    },
    "dataset-virtscribe": {
        "rouge1": [
            0.49253201830631144
        ],
        "rouge2": [
            0.2206541218637993
        ],
        "rougeL": [
            0.2345432798301142
        ],
        "rougeLsum": [
            0.4172414841695007
        ],
        "bertscore_precision": [
            0.624611496925354
        ],
        "bertscore_recall": [
            0.64154052734375
        ],
        "bertscore_f1": [
            0.6329523026943207
        ],
        "bleurt": [
            0.3753858804702759
        ]
    },
    "dataset-aci": {
        "rouge1": [
            0.5110924544016123
        ],
        "rouge2": [
            0.235204207513002
        ],
        "rougeL": [
            0.2912983261363149
        ],
        "rougeLsum": [
            0.454040554490661
        ],
        "bertscore_precision": [
            0.6523577835824754
        ],
        "bertscore_recall": [
            0.6619412766562568
        ],
        "bertscore_f1": [
            0.657029906908671
        ],
        "bleurt": [
            0.3126741747061412
        ]
    },
    "division-subjective": {
        "rouge1": [
            0.3853647349548711
        ],
        "rouge2": [
            0.15489603617459866
        ],
        "rougeL": [
            0.22518280504309088
        ],
        "rougeLsum": [
            0.22518280504309088
        ],
        "bertscore_precision": [
            0.6151510063144896
        ],
        "bertscore_recall": [
            0.6541271772649553
        ],
        "bertscore_f1": [
            0.6320787105295393
        ],
        "bleurt": [
            0.3456403927670585
        ]
    },
    "division-objective_exam": {
        "rouge1": [
            0.4722232482337945
        ],
        "rouge2": [
            0.31060740655779356
        ],
        "rougeL": [
            0.4098642160308154
        ],
        "rougeLsum": [
            0.4098642160308154
        ],
        "bertscore_precision": [
            0.703840176264445
        ],
        "bertscore_recall": [
            0.7047958340909746
        ],
        "bertscore_f1": [
            0.6996748761998283
        ],
        "bleurt": [
            0.38585936692025924
        ]
    },
    "division-objective_results": {
        "rouge1": [
            0.5457794931318376
        ],
        "rouge2": [
            0.37014813669460206
        ],
        "rougeL": [
            0.5260719688336426
        ],
        "rougeLsum": [
            0.5260719688336426
        ],
        "bertscore_precision": [
            0.7869613352749083
        ],
        "bertscore_recall": [
            0.7712898519304063
        ],
        "bertscore_f1": [
            0.7775443875127368
        ],
        "bleurt": [
            0.5208951317601733
        ]
    },
    "division-assessment_and_plan": {
        "rouge1": [
            0.41695249525665795
        ],
        "rouge2": [
            0.1974161838237617
        ],
        "rougeL": [
            0.27291271511660864
        ],
        "rougeLsum": [
            0.27291271511660864
        ],
        "bertscore_precision": [
            0.6824113660388522
        ],
        "bertscore_recall": [
            0.627855486339993
        ],
        "bertscore_f1": [
            0.6525330113040076
        ],
        "bleurt": [
            0.4122917238208983
        ]
    },
    "longer-src": {
        "rouge1": [
            0.5109345650460124
        ],
        "rouge2": [
            0.23950250301341125
        ],
        "rougeL": [
            0.28613750523736964
        ],
        "rougeLsum": [
            0.44778268095014057
        ],
        "bertscore_precision": [
            0.6360870566633012
        ],
        "bertscore_recall": [
            0.6581543419096205
        ],
        "bertscore_f1": [
            0.6466562284363641
        ],
        "bleurt": [
            0.3228210012118022
        ]
    }
}