{
    "all": {
        "rouge1": [
            0.5459350386599396
        ],
        "rouge2": [
            0.24929921976553368
        ],
        "rougeL": [
            0.27776915264536783
        ],
        "rougeLsum": [
            0.4696618474237381
        ],
        "bertscore_precision": [
            0.6230457491344876
        ],
        "bertscore_recall": [
            0.6503241591983371
        ],
        "bertscore_f1": [
            0.636228988567988
        ],
        "bleurt": [
            0.32303471697701347
        ]
    },
    "dataset-virtassist": {
        "rouge1": [
            0.5591613287639559
        ],
        "rouge2": [
            0.27977313868104664
        ],
        "rougeL": [
            0.31412832937710833
        ],
        "rougeLsum": [
            0.4891262843406845
        ],
        "bertscore_precision": [
            0.6259870767593384
        ],
        "bertscore_recall": [
            0.661820936203003
        ],
        "bertscore_f1": [
            0.6430174231529235
        ],
        "bleurt": [
            0.3216330885887146
        ]
    },
    "dataset-virtscribe": {
        "rouge1": [
            0.5659604725819909
        ],
        "rouge2": [
            0.2696274366129983
        ],
        "rougeL": [
            0.2894872336827043
        ],
        "rougeLsum": [
            0.48528008888296026
        ],
        "bertscore_precision": [
            0.6090699285268784
        ],
        "bertscore_recall": [
            0.6296721994876862
        ],
        "bertscore_f1": [
            0.6191704273223877
        ],
        "bleurt": [
            0.34204408526420593
        ]
    },
    "dataset-aci": {
        "rouge1": [
            0.5296869068590192
        ],
        "rouge2": [
            0.22333450176915337
        ],
        "rougeL": [
            0.2523615740000291
        ],
        "rougeLsum": [
            0.4519068307102246
        ],
        "bertscore_precision": [
            0.6276231540573968
        ],
        "bertscore_recall": [
            0.653115709622701
        ],
        "bertscore_f1": [
            0.6400392187966241
        ],
        "bleurt": [
            0.3153647912873162
        ]
    },
    "division-subjective": {
        "rouge1": [
            0.3793645186058004
        ],
        "rouge2": [
            0.16084177238394815
        ],
        "rougeL": [
            0.2212451661305329
        ],
        "rougeLsum": [
            0.2212451661305329
        ],
        "bertscore_precision": [
            0.5942196912235684
        ],
        "bertscore_recall": [
            0.6604632437229156
        ],
        "bertscore_f1": [
            0.6240144239531623
        ],
        "bleurt": [
            0.33452142940627205
        ]
    },
    "division-objective_exam": {
        "rouge1": [
            0.5145077836009945
        ],
        "rouge2": [
            0.3420675309873253
        ],
        "rougeL": [
            0.4214871829533616
        ],
        "rougeLsum": [
            0.4214871829533616
        ],
        "bertscore_precision": [
            0.7642654279867808
        ],
        "bertscore_recall": [
            0.7232055266698202
        ],
        "bertscore_f1": [
            0.7405974335140653
        ],
        "bleurt": [
            0.4116498414013121
        ]
    },
    "division-objective_results": {
        "rouge1": [
            0.48575120333491395
        ],
        "rouge2": [
            0.37111982790226083
        ],
        "rougeL": [
            0.4767207568483271
        ],
        "rougeLsum": [
            0.4767207568483271
        ],
        "bertscore_precision": [
            0.7209659847948287
        ],
        "bertscore_recall": [
            0.7120962176058028
        ],
        "bertscore_f1": [
            0.7134526885218091
        ],
        "bleurt": [
            0.5117500126361847
        ]
    },
    "division-assessment_and_plan": {
        "rouge1": [
            0.40705940216704317
        ],
        "rouge2": [
            0.17884632756931115
        ],
        "rougeL": [
            0.24971717586342917
        ],
        "rougeLsum": [
            0.24971717586342917
        ],
        "bertscore_precision": [
            0.6695756547980838
        ],
        "bertscore_recall": [
            0.6148032082451714
        ],
        "bertscore_f1": [
            0.6395943793985579
        ],
        "bleurt": [
            0.41645804709858364
        ]
    },
    "longer-src": {
        "rouge1": [
            0.5459350386599396
        ],
        "rouge2": [
            0.24929921976553368
        ],
        "rougeL": [
            0.27776915264536783
        ],
        "rougeLsum": [
            0.4696618474237381
        ],
        "bertscore_precision": [
            0.6230457491344876
        ],
        "bertscore_recall": [
            0.6503241591983371
        ],
        "bertscore_f1": [
            0.636228988567988
        ],
        "bleurt": [
            0.32303471697701347
        ]
    }
}