{
    "all": {
        "rouge1": [
            0.49575772138962
        ],
        "rouge2": [
            0.21451841818703316
        ],
        "rougeL": [
            0.2573718527260899
        ],
        "rougeLsum": [
            0.4182193874096741
        ],
        "bertscore_precision": [
            0.620236831552842
        ],
        "bertscore_recall": [
            0.6364152361364925
        ],
        "bertscore_f1": [
            0.6280606318922604
        ],
        "bleurt": [
            0.3061504039694281
        ]
    },
    "dataset-virtassist": {
        "rouge1": [
            0.533348429206348
        ],
        "rouge2": [
            0.2676409215636682
        ],
        "rougeL": [
            0.3037211702758184
        ],
        "rougeLsum": [
            0.463425610113899
        ],
        "bertscore_precision": [
            0.6469108760356903
        ],
        "bertscore_recall": [
            0.6571744531393051
        ],
        "bertscore_f1": [
            0.6518843322992325
        ],
        "bleurt": [
            0.36626172810792923
        ]
    },
    "dataset-virtscribe": {
        "rouge1": [
            0.4606712709301764
        ],
        "rouge2": [
            0.18410214118559953
        ],
        "rougeL": [
            0.2234491112934243
        ],
        "rougeLsum": [
            0.3856588545503193
        ],
        "bertscore_precision": [
            0.5914917588233948
        ],
        "bertscore_recall": [
            0.6139393846193949
        ],
        "bertscore_f1": [
            0.6023040314515432
        ],
        "bleurt": [
            0.2759627526005109
        ]
    },
    "dataset-aci": {
        "rouge1": [
            0.5043514173167271
        ],
        "rouge2": [
            0.21023379654447052
        ],
        "rougeL": [
            0.25996316392567276
        ],
        "rougeLsum": [
            0.4202962883152783
        ],
        "bertscore_precision": [
            0.6296331541878837
        ],
        "bertscore_recall": [
            0.6438178420066833
        ],
        "bertscore_f1": [
            0.6365241748946053
        ],
        "bleurt": [
            0.2976762056350708
        ]
    },
    "division-subjective": {
        "rouge1": [
            0.4097463570556663
        ],
        "rouge2": [
            0.16291048109424414
        ],
        "rougeL": [
            0.23064262395316218
        ],
        "rougeLsum": [
            0.23064262395316218
        ],
        "bertscore_precision": [
            0.625835608033573
        ],
        "bertscore_recall": [
            0.6344232944881215
        ],
        "bertscore_f1": [
            0.6289325496729683
        ],
        "bleurt": [
            0.3084991057129467
        ]
    },
    "division-objective_exam": {
        "rouge1": [
            0.4782045798413921
        ],
        "rouge2": [
            0.31174873639531786
        ],
        "rougeL": [
            0.38934461745855653
        ],
        "rougeLsum": [
            0.38934461745855653
        ],
        "bertscore_precision": [
            0.7158078726600198
        ],
        "bertscore_recall": [
            0.6975687900010277
        ],
        "bertscore_f1": [
            0.70290306911749
        ],
        "bleurt": [
            0.37849508839495044
        ]
    },
    "division-objective_results": {
        "rouge1": [
            0.3736238286509247
        ],
        "rouge2": [
            0.26375767647270765
        ],
        "rougeL": [
            0.3678798665075043
        ],
        "rougeLsum": [
            0.3678798665075043
        ],
        "bertscore_precision": [
            0.7067461329347947
        ],
        "bertscore_recall": [
            0.6553509340566748
        ],
        "bertscore_f1": [
            0.677478122360566
        ],
        "bleurt": [
            0.4183441575835733
        ]
    },
    "division-assessment_and_plan": {
        "rouge1": [
            0.3621032873118906
        ],
        "rouge2": [
            0.13895833502630428
        ],
        "rougeL": [
            0.2180483555471826
        ],
        "rougeLsum": [
            0.2180483555471826
        ],
        "bertscore_precision": [
            0.6397601506289314
        ],
        "bertscore_recall": [
            0.5882925864528207
        ],
        "bertscore_f1": [
            0.6115293818361619
        ],
        "bleurt": [
            0.35169338303453784
        ]
    },
    "longer-src": {
        "rouge1": [
            0.49575772138962
        ],
        "rouge2": [
            0.21451841818703316
        ],
        "rougeL": [
            0.2573718527260899
        ],
        "rougeLsum": [
            0.4182193874096741
        ],
        "bertscore_precision": [
            0.620236831552842
        ],
        "bertscore_recall": [
            0.6364152361364925
        ],
        "bertscore_f1": [
            0.6280606318922604
        ],
        "bleurt": [
            0.3061504039694281
        ]
    }
}