{
    "all": {
        "rouge1": [
            0.5121966646487122
        ],
        "rouge2": [
            0.2215877285326915
        ],
        "rougeL": [
            0.2650384128887727
        ],
        "rougeLsum": [
            0.43248804947785535
        ],
        "bertscore_precision": [
            0.6177167787271387
        ],
        "bertscore_recall": [
            0.6452599763870239
        ],
        "bertscore_f1": [
            0.6310332522672766
        ],
        "bleurt": [
            0.3236731396001928
        ]
    },
    "dataset-virtassist": {
        "rouge1": [
            0.5306740790530178
        ],
        "rouge2": [
            0.2551192586093364
        ],
        "rougeL": [
            0.28609518155254754
        ],
        "rougeLsum": [
            0.46220595411338256
        ],
        "bertscore_precision": [
            0.6271717101335526
        ],
        "bertscore_recall": [
            0.6592531651258469
        ],
        "bertscore_f1": [
            0.6426606923341751
        ],
        "bleurt": [
            0.3178737461566925
        ]
    },
    "dataset-virtscribe": {
        "rouge1": [
            0.47903352358452117
        ],
        "rouge2": [
            0.1919972457360847
        ],
        "rougeL": [
            0.23439182294465563
        ],
        "rougeLsum": [
            0.3968370284920099
        ],
        "bertscore_precision": [
            0.5969988405704498
        ],
        "bertscore_recall": [
            0.6203904350598654
        ],
        "bertscore_f1": [
            0.6083546777566274
        ],
        "bleurt": [
            0.3312707046667735
        ]
    },
    "dataset-aci": {
        "rouge1": [
            0.5300636916155584
        ],
        "rouge2": [
            0.22779012517170028
        ],
        "rougeL": [
            0.279274479318716
        ],
        "rougeLsum": [
            0.446064407673993
        ],
        "bertscore_precision": [
            0.6300721934863499
        ],
        "bertscore_recall": [
            0.658580618245261
        ],
        "bertscore_f1": [
            0.6438277789524623
        ],
        "bleurt": [
            0.32047488008226666
        ]
    },
    "division-subjective": {
        "rouge1": [
            0.42374500966039946
        ],
        "rouge2": [
            0.17056505940184719
        ],
        "rougeL": [
            0.23927605141934394
        ],
        "rougeLsum": [
            0.23927605141934394
        ],
        "bertscore_precision": [
            0.6126438905211056
        ],
        "bertscore_recall": [
            0.650414203896242
        ],
        "bertscore_f1": [
            0.6298671154414907
        ],
        "bleurt": [
            0.35331181568257947
        ]
    },
    "division-objective_exam": {
        "rouge1": [
            0.44435956232313234
        ],
        "rouge2": [
            0.3049883809901669
        ],
        "rougeL": [
            0.38757245387239925
        ],
        "rougeLsum": [
            0.38757245387239925
        ],
        "bertscore_precision": [
            0.7301177066915175
        ],
        "bertscore_recall": [
            0.7010393984177533
        ],
        "bertscore_f1": [
            0.7109758818850798
        ],
        "bleurt": [
            0.38648853056571064
        ]
    },
    "division-objective_results": {
        "rouge1": [
            0.40613297224105693
        ],
        "rouge2": [
            0.2894372647162359
        ],
        "rougeL": [
            0.38563172254146644
        ],
        "rougeLsum": [
            0.38563172254146644
        ],
        "bertscore_precision": [
            0.6933107183260077
        ],
        "bertscore_recall": [
            0.6805899318526772
        ],
        "bertscore_f1": [
            0.6843924837953904
        ],
        "bleurt": [
            0.44916876449304466
        ]
    },
    "division-assessment_and_plan": {
        "rouge1": [
            0.4071394477712456
        ],
        "rouge2": [
            0.16894322739756545
        ],
        "rougeL": [
            0.25328303965442206
        ],
        "rougeLsum": [
            0.25328303965442206
        ],
        "bertscore_precision": [
            0.6499935949549955
        ],
        "bertscore_recall": [
            0.6143871861345628
        ],
        "bertscore_f1": [
            0.6307682535227608
        ],
        "bleurt": [
            0.42056474790853615
        ]
    },
    "longer-src": {
        "rouge1": [
            0.5121966646487122
        ],
        "rouge2": [
            0.2215877285326915
        ],
        "rougeL": [
            0.2650384128887727
        ],
        "rougeLsum": [
            0.43248804947785535
        ],
        "bertscore_precision": [
            0.6177167787271387
        ],
        "bertscore_recall": [
            0.6452599763870239
        ],
        "bertscore_f1": [
            0.6310332522672766
        ],
        "bleurt": [
            0.3236731396001928
        ]
    }
}