{
    "all": {
        "rouge1": [
            0.5569069226368377
        ],
        "rouge2": [
            0.25603998203793277
        ],
        "rougeL": [
            0.29373693490954095
        ],
        "rougeLsum": [
            0.46866523646110386
        ],
        "bertscore_precision": [
            0.6432789634255802
        ],
        "bertscore_recall": [
            0.6632704384186688
        ],
        "bertscore_f1": [
            0.6530059155295876
        ],
        "bleurt": [
            0.3282400895567501
        ]
    },
    "dataset-virtassist": {
        "rouge1": [
            0.5586072754050413
        ],
        "rouge2": [
            0.265678183461952
        ],
        "rougeL": [
            0.29776688323529515
        ],
        "rougeLsum": [
            0.47965146433110295
        ],
        "bertscore_precision": [
            0.6433368154934475
        ],
        "bertscore_recall": [
            0.6728331616946629
        ],
        "bertscore_f1": [
            0.6575687272208077
        ],
        "bleurt": [
            0.31218016147613525
        ]
    },
    "dataset-virtscribe": {
        "rouge1": [
            0.5511430852422913
        ],
        "rouge2": [
            0.24068895410325966
        ],
        "rougeL": [
            0.2597655338323638
        ],
        "rougeLsum": [
            0.4643000248453027
        ],
        "bertscore_precision": [
            0.6242681940396627
        ],
        "bertscore_recall": [
            0.6395106712977091
        ],
        "bertscore_f1": [
            0.6317836244901022
        ],
        "bleurt": [
            0.338540514310201
        ]
    },
    "dataset-aci": {
        "rouge1": [
            0.5576767858948684
        ],
        "rouge2": [
            0.25298079258591644
        ],
        "rougeL": [
            0.3042661584740056
        ],
        "rougeLsum": [
            0.4595498135693052
        ],
        "bertscore_precision": [
            0.6513685839516776
        ],
        "bertscore_recall": [
            0.6638904724802289
        ],
        "bertscore_f1": [
            0.6575383714267186
        ],
        "bleurt": [
            0.33988554988588604
        ]
    },
    "division-subjective": {
        "rouge1": [
            0.46778289418147456
        ],
        "rouge2": [
            0.20409175275540928
        ],
        "rougeL": [
            0.2739802588269506
        ],
        "rougeLsum": [
            0.2739802588269506
        ],
        "bertscore_precision": [
            0.6361866908914903
        ],
        "bertscore_recall": [
            0.6656536389799679
        ],
        "bertscore_f1": [
            0.6500469516305363
        ],
        "bleurt": [
            0.3850061718155356
        ]
    },
    "division-objective_exam": {
        "rouge1": [
            0.4352055220766305
        ],
        "rouge2": [
            0.254850973803284
        ],
        "rougeL": [
            0.34134093432122137
        ],
        "rougeLsum": [
            0.34134093432122137
        ],
        "bertscore_precision": [
            0.7034459955552045
        ],
        "bertscore_recall": [
            0.6950600340085871
        ],
        "bertscore_f1": [
            0.6934684076729942
        ],
        "bleurt": [
            0.38741060302538033
        ]
    },
    "division-objective_results": {
        "rouge1": [
            0.45629540216010245
        ],
        "rouge2": [
            0.27890042820288163
        ],
        "rougeL": [
            0.42404413692381016
        ],
        "rougeLsum": [
            0.42404413692381016
        ],
        "bertscore_precision": [
            0.7410032556337469
        ],
        "bertscore_recall": [
            0.7268674566465265
        ],
        "bertscore_f1": [
            0.7319445487330941
        ],
        "bleurt": [
            0.470510152332923
        ]
    },
    "division-assessment_and_plan": {
        "rouge1": [
            0.42856767031321436
        ],
        "rouge2": [
            0.1932907305045314
        ],
        "rougeL": [
            0.27838119667419664
        ],
        "rougeLsum": [
            0.27838119667419664
        ],
        "bertscore_precision": [
            0.6642569864497465
        ],
        "bertscore_recall": [
            0.6293486111304339
        ],
        "bertscore_f1": [
            0.6452692606869865
        ],
        "bleurt": [
            0.4366685853284948
        ]
    },
    "longer-src": {
        "rouge1": [
            0.5569069226368377
        ],
        "rouge2": [
            0.25603998203793277
        ],
        "rougeL": [
            0.29373693490954095
        ],
        "rougeLsum": [
            0.46866523646110386
        ],
        "bertscore_precision": [
            0.6432789634255802
        ],
        "bertscore_recall": [
            0.6632704384186688
        ],
        "bertscore_f1": [
            0.6530059155295876
        ],
        "bleurt": [
            0.3282400895567501
        ]
    }
}