{
    "all": {
        "rouge1": [
            0.5189403716398409
        ],
        "rouge2": [
            0.24274098071539368
        ],
        "rougeL": [
            0.2779542595784443
        ],
        "rougeLsum": [
            0.4534509316798831
        ],
        "bertscore_precision": [
            0.6320396396848891
        ],
        "bertscore_recall": [
            0.651935789320204
        ],
        "bertscore_f1": [
            0.6415319177839491
        ],
        "bleurt": [
            0.2880791276693344
        ]
    },
    "dataset-virtassist": {
        "rouge1": [
            0.5283343569618852
        ],
        "rouge2": [
            0.274266346271108
        ],
        "rougeL": [
            0.312794485350158
        ],
        "rougeLsum": [
            0.46423376268792593
        ],
        "bertscore_precision": [
            0.6298746126038688
        ],
        "bertscore_recall": [
            0.6583689621516636
        ],
        "bertscore_f1": [
            0.6433640973908561
        ],
        "bleurt": [
            0.30091123070035664
        ]
    },
    "dataset-virtscribe": {
        "rouge1": [
            0.5575193869113118
        ],
        "rouge2": [
            0.23863403533704458
        ],
        "rougeL": [
            0.2342370791906222
        ],
        "rougeLsum": [
            0.48664999815517784
        ],
        "bertscore_precision": [
            0.6293497085571289
        ],
        "bertscore_recall": [
            0.6451497375965118
        ],
        "bertscore_f1": [
            0.637120246887207
        ],
        "bleurt": [
            0.28095145523548126
        ]
    },
    "dataset-aci": {
        "rouge1": [
            0.5030608241068123
        ],
        "rouge2": [
            0.21913390647836006
        ],
        "rougeL": [
            0.2605712351755163
        ],
        "rougeLsum": [
            0.4376867150124508
        ],
        "bertscore_precision": [
            0.6343213121096293
        ],
        "bertscore_recall": [
            0.6484402219454447
        ],
        "bertscore_f1": [
            0.6410872605111864
        ],
        "bleurt": [
            0.2796825302971734
        ]
    },
    "division-subjective": {
        "rouge1": [
            0.4171788934104962
        ],
        "rouge2": [
            0.1826299931618455
        ],
        "rougeL": [
            0.24190901102712278
        ],
        "rougeLsum": [
            0.24190901102712278
        ],
        "bertscore_precision": [
            0.6196165747112699
        ],
        "bertscore_recall": [
            0.6495326393180423
        ],
        "bertscore_f1": [
            0.6326425042417314
        ],
        "bleurt": [
            0.33754117290178937
        ]
    },
    "division-objective_exam": {
        "rouge1": [
            0.4357780413888511
        ],
        "rouge2": [
            0.27603849563849203
        ],
        "rougeL": [
            0.3629852996158259
        ],
        "rougeLsum": [
            0.3629852996158259
        ],
        "bertscore_precision": [
            0.7168816841310925
        ],
        "bertscore_recall": [
            0.6852789454989963
        ],
        "bertscore_f1": [
            0.697481276260482
        ],
        "bleurt": [
            0.35282688753472435
        ]
    },
    "division-objective_results": {
        "rouge1": [
            0.5083109099643072
        ],
        "rouge2": [
            0.3721397255892643
        ],
        "rougeL": [
            0.4989649876873504
        ],
        "rougeLsum": [
            0.4989649876873504
        ],
        "bertscore_precision": [
            0.7860150105423398
        ],
        "bertscore_recall": [
            0.7418432202604082
        ],
        "bertscore_f1": [
            0.7621668759319518
        ],
        "bleurt": [
            0.4914581361744139
        ]
    },
    "division-assessment_and_plan": {
        "rouge1": [
            0.4224904176461964
        ],
        "rouge2": [
            0.1936278628980745
        ],
        "rougeL": [
            0.26162907077073333
        ],
        "rougeLsum": [
            0.26162907077073333
        ],
        "bertscore_precision": [
            0.6714828643533919
        ],
        "bertscore_recall": [
            0.62299711505572
        ],
        "bertscore_f1": [
            0.6453099482589297
        ],
        "bleurt": [
            0.3838785058922238
        ]
    },
    "longer-src": {
        "rouge1": [
            0.5189403716398409
        ],
        "rouge2": [
            0.24274098071539368
        ],
        "rougeL": [
            0.2779542595784443
        ],
        "rougeLsum": [
            0.4534509316798831
        ],
        "bertscore_precision": [
            0.6320396396848891
        ],
        "bertscore_recall": [
            0.651935789320204
        ],
        "bertscore_f1": [
            0.6415319177839491
        ],
        "bleurt": [
            0.2880791276693344
        ]
    }
}