{
    "all": {
        "rouge1": [
            0.4916730976839987
        ],
        "rouge2": [
            0.20680645163809
        ],
        "rougeL": [
            0.2403576618314036
        ],
        "rougeLsum": [
            0.42679371232498914
        ],
        "bertscore_precision": [
            0.6131959241979262
        ],
        "bertscore_recall": [
            0.6415103112950045
        ],
        "bertscore_f1": [
            0.6269065246862524
        ],
        "bleurt": [
            0.3400006837704602
        ]
    },
    "dataset-virtassist": {
        "rouge1": [
            0.5307512999820692
        ],
        "rouge2": [
            0.2519096240618175
        ],
        "rougeL": [
            0.30880401649632416
        ],
        "rougeLsum": [
            0.4837726376187914
        ],
        "bertscore_precision": [
            0.6464677155017853
        ],
        "bertscore_recall": [
            0.6687780320644379
        ],
        "bertscore_f1": [
            0.6574277281761169
        ],
        "bleurt": [
            0.3407827168703079
        ]
    },
    "dataset-virtscribe": {
        "rouge1": [
            0.5080264400377714
        ],
        "rouge2": [
            0.19299905392620625
        ],
        "rougeL": [
            0.22851746931067043
        ],
        "rougeLsum": [
            0.4135977337110482
        ],
        "bertscore_precision": [
            0.6298279166221619
        ],
        "bertscore_recall": [
            0.6415554285049438
        ],
        "bertscore_f1": [
            0.6356375813484192
        ],
        "bleurt": [
            0.44767820835113525
        ]
    },
    "dataset-aci": {
        "rouge1": [
            0.48492240147329063
        ],
        "rouge2": [
            0.2013493839855492
        ],
        "rougeL": [
            0.2314253392021816
        ],
        "rougeLsum": [
            0.4195964357554417
        ],
        "bertscore_precision": [
            0.6072548116956439
        ],
        "bertscore_recall": [
            0.637611699955804
        ],
        "bertscore_f1": [
            0.6219227058546883
        ],
        "bleurt": [
            0.33219771300043377
        ]
    },
    "division-subjective": {
        "rouge1": [
            0.3334866724050527
        ],
        "rouge2": [
            0.13111262970266524
        ],
        "rougeL": [
            0.18491845886041303
        ],
        "rougeLsum": [
            0.18491845886041303
        ],
        "bertscore_precision": [
            0.5744761579176959
        ],
        "bertscore_recall": [
            0.6534219454316532
        ],
        "bertscore_f1": [
            0.6093824821359971
        ],
        "bleurt": [
            0.35297177644336925
        ]
    },
    "division-objective_exam": {
        "rouge1": [
            0.45864711726980223
        ],
        "rouge2": [
            0.2857064234235461
        ],
        "rougeL": [
            0.36712470105177974
        ],
        "rougeLsum": [
            0.36712470105177974
        ],
        "bertscore_precision": [
            0.7367662086206324
        ],
        "bertscore_recall": [
            0.6831683165886823
        ],
        "bertscore_f1": [
            0.7052778671769535
        ],
        "bleurt": [
            0.3814862317898694
        ]
    },
    "division-objective_results": {
        "rouge1": [
            0.46106674905239514
        ],
        "rouge2": [
            0.34933571978957023
        ],
        "rougeL": [
            0.4561305088220373
        ],
        "rougeLsum": [
            0.4561305088220373
        ],
        "bertscore_precision": [
            0.6961985668715309
        ],
        "bertscore_recall": [
            0.7248802570735707
        ],
        "bertscore_f1": [
            0.7096394703668707
        ],
        "bleurt": [
            0.513203492935966
        ]
    },
    "division-assessment_and_plan": {
        "rouge1": [
            0.39987968275586405
        ],
        "rouge2": [
            0.16904261889686983
        ],
        "rougeL": [
            0.23703826485151738
        ],
        "rougeLsum": [
            0.23703826485151738
        ],
        "bertscore_precision": [
            0.6578942922984853
        ],
        "bertscore_recall": [
            0.5992356328403249
        ],
        "bertscore_f1": [
            0.6261694676735822
        ],
        "bleurt": [
            0.440037562566645
        ]
    },
    "longer-src": {
        "rouge1": [
            0.4916730976839987
        ],
        "rouge2": [
            0.20680645163809
        ],
        "rougeL": [
            0.2403576618314036
        ],
        "rougeLsum": [
            0.42679371232498914
        ],
        "bertscore_precision": [
            0.6131959241979262
        ],
        "bertscore_recall": [
            0.6415103112950045
        ],
        "bertscore_f1": [
            0.6269065246862524
        ],
        "bleurt": [
            0.3400006837704602
        ]
    }
}