{
    "all": {
        "rouge1": 0.23924524892857738,
        "rouge2": 0.1011279820386918,
        "rougeL": 0.1665281670111124,
        "rougeLsum": 0.1665281670111124,
        "bertscore_precision": 0.4990219402198608,
        "bertscore_recall": 0.667240586074499,
        "bertscore_f1": 0.5597833115320939,
        "bleurt": 0.480317968588609
    }
}