{
    "all": {
        "rouge1": 0.24685115366835186,
        "rouge2": 0.09906212943100388,
        "rougeL": 0.16656297625288582,
        "rougeLsum": 0.16656297625288582,
        "bertscore_precision": 0.5225807378498407,
        "bertscore_recall": 0.676545997766348,
        "bertscore_f1": 0.5813292716558163,
        "bleurt": 0.477935670201595
    }
}