{
    "all": {
        "rouge1": 0.24715283336073796,
        "rouge2": 0.09765587216985323,
        "rougeL": 0.21057874170664762,
        "rougeLsum": 0.21057874170664762,
        "bertscore_precision": 0.6752039240922965,
        "bertscore_recall": 0.6032040884211602,
        "bertscore_f1": 0.6287640228125327,
        "bleurt": 0.38491568768618206
    }
}