{
    "all": {
        "rouge1": 0.20310322690569108,
        "rouge2": 0.08026506542161353,
        "rougeL": 0.17690458411438192,
        "rougeLsum": 0.17690458411438192,
        "bertscore_precision": 0.6298214356486614,
        "bertscore_recall": 0.5751450041165719,
        "bertscore_f1": 0.5917744599855863,
        "bleurt": 0.35504891339402933
    }
}