{
    "all": {
        "rouge1": 0.005411348667089737,
        "rouge2": 6.993006993006994e-05,
        "rougeL": 0.004720881559602554,
        "rougeLsum": 0.004720881559602554,
        "bertscore_precision": 0.048957484502058765,
        "bertscore_recall": 0.034384782612323764,
        "bertscore_f1": 0.040077756803769335,
        "bleurt": 0.07201294486339276
    }
}