{
    "all": {
        "rouge1": 0.2081241660785502,
        "rouge2": 0.07701685584167804,
        "rougeL": 0.1762850938440657,
        "rougeLsum": 0.1762850938440657,
        "bertscore_precision": 0.6230345018978777,
        "bertscore_recall": 0.5898892343957762,
        "bertscore_f1": 0.5950643794746692,
        "bleurt": 0.35611110471788493
    }
}