{
    "all": {
        "rouge1": 0.2506480160587141,
        "rouge2": 0.09374289034886307,
        "rougeL": 0.1740125027076914,
        "rougeLsum": 0.1740125027076914,
        "bertscore_precision": 0.5354113087058068,
        "bertscore_recall": 0.6581576907863984,
        "bertscore_f1": 0.581938325556425,
        "bleurt": 0.45719831929757043
    }
}