{
    "all": {
        "rouge1": 0.009756167604968297,
        "rouge2": 0.0008220219782557625,
        "rougeL": 0.00799945659682171,
        "rougeLsum": 0.00799945659682171,
        "bertscore_precision": 0.049083136251339546,
        "bertscore_recall": 0.041171323794585005,
        "bertscore_f1": 0.0441700035562882,
        "bleurt": 0.07982816555752204
    }
}