{
    "all": {
        "rouge1": 0.1893474694438901,
        "rouge2": 0.08302774418437728,
        "rougeL": 0.16596376933900778,
        "rougeLsum": 0.16596376933900778,
        "bertscore_precision": 0.6002855393749017,
        "bertscore_recall": 0.5767911633619895,
        "bertscore_f1": 0.5787197798490524,
        "bleurt": 0.35298476898326325
    }
}