{
    "all": {
        "rouge1": 0.2566018813958996,
        "rouge2": 0.10314468867672319,
        "rougeL": 0.18083905860965446,
        "rougeLsum": 0.18083905860965446,
        "bertscore_precision": 0.5327813446521759,
        "bertscore_recall": 0.6656278418806884,
        "bertscore_f1": 0.5821053824745692,
        "bleurt": 0.46044948261517743
    }
}