{
    "all": {
        "rouge1": 0.19788884929601702,
        "rouge2": 0.07798990355733385,
        "rougeL": 0.16967122417227193,
        "rougeLsum": 0.16967122417227193,
        "bertscore_precision": 0.6169314259519943,
        "bertscore_recall": 0.5920798823237419,
        "bertscore_f1": 0.5933518652732556,
        "bleurt": 0.3665762700427037
    }
}