{
    "all": {
        "rouge1": 0.007558620254759334,
        "rouge2": 0.001079260665193883,
        "rougeL": 0.007147690473941418,
        "rougeLsum": 0.007147690473941418,
        "bertscore_precision": 0.09140631430424177,
        "bertscore_recall": 0.059554989865193,
        "bertscore_f1": 0.07080821280296032,
        "bleurt": 0.07216431209101126
    }
}