{
    "all": {
        "rouge1": 0.25154460755658126,
        "rouge2": 0.10224918023787173,
        "rougeL": 0.17441080111773802,
        "rougeLsum": 0.17441080111773802,
        "bertscore_precision": 0.5193698130462362,
        "bertscore_recall": 0.6746839789595184,
        "bertscore_f1": 0.5782691541759447,
        "bleurt": 0.48427353553845054
    }
}