{
    "all": {
        "rouge1": 0.19061326471174575,
        "rouge2": 0.06520082474372152,
        "rougeL": 0.16288063503096403,
        "rougeLsum": 0.16288063503096403,
        "bertscore_precision": 0.6040810168935702,
        "bertscore_recall": 0.5876051610478988,
        "bertscore_f1": 0.5843876675917552,
        "bleurt": 0.36252001392153593
    }
}