{
    "all": {
        "rouge1": 0.02445679446732376,
        "rouge2": 0.0005737017001265232,
        "rougeL": 0.02069279384045162,
        "rougeLsum": 0.02069279384045162,
        "bertscore_precision": 0.6733649130050953,
        "bertscore_recall": 0.3501279101921962,
        "bertscore_f1": 0.4454186246945308,
        "bleurt": 0.051173283532261846
    }
}