{
    "all": {
        "rouge1": 0.23352477442737585,
        "rouge2": 0.085980715318313,
        "rougeL": 0.15936586322462964,
        "rougeLsum": 0.15936586322462964,
        "bertscore_precision": 0.5300188885285304,
        "bertscore_recall": 0.6635505984608944,
        "bertscore_f1": 0.5799234779981467,
        "bleurt": 0.44503070918413307
    }
}