{
    "all": {
        "rouge1": 0.2500303238318217,
        "rouge2": 0.09128853252669933,
        "rougeL": 0.16969547416559422,
        "rougeLsum": 0.16969547416559422,
        "bertscore_precision": 0.5343127406534107,
        "bertscore_recall": 0.6687561902734969,
        "bertscore_f1": 0.5846658989615824,
        "bleurt": 0.4600649422384313
    }
}