{
    "all": {
        "rouge1": 0.24477054429082024,
        "rouge2": 0.09383201500359192,
        "rougeL": 0.1687036510757647,
        "rougeLsum": 0.1687036510757647,
        "bertscore_precision": 0.5227890838797276,
        "bertscore_recall": 0.661419201699587,
        "bertscore_f1": 0.5726953817101625,
        "bleurt": 0.4595492720603943
    }
}