{
    "all": {
        "rouge1": 0.2498448213638139,
        "rouge2": 0.10320148287153683,
        "rougeL": 0.16890321498912167,
        "rougeLsum": 0.16890321498912167,
        "bertscore_precision": 0.5174686830204267,
        "bertscore_recall": 0.6785285796110446,
        "bertscore_f1": 0.5771502150939061,
        "bleurt": 0.46099140340319045
    }
}