{
    "all": {
        "rouge1": 0.23445167510900922,
        "rouge2": 0.09325692100750524,
        "rougeL": 0.16143803211973184,
        "rougeLsum": 0.16143803211973184,
        "bertscore_precision": 0.5115974150024928,
        "bertscore_recall": 0.6824038773775101,
        "bertscore_f1": 0.5739655206982907,
        "bleurt": 0.4600763179934942
    }
}