{
    "all": {
        "rouge1": 0.2514452560874036,
        "rouge2": 0.09972432294991984,
        "rougeL": 0.1779393278108249,
        "rougeLsum": 0.1779393278108249,
        "bertscore_precision": 0.5284195911425811,
        "bertscore_recall": 0.669734420799292,
        "bertscore_f1": 0.5810041760022824,
        "bleurt": 0.47339005570572157
    }
}