{
    "all": {
        "rouge1": 0.27211684375386386,
        "rouge2": 0.10402423540943805,
        "rougeL": 0.1951467564547616,
        "rougeLsum": 0.1951467564547616,
        "bertscore_precision": 0.5806770686673935,
        "bertscore_recall": 0.6682556322936354,
        "bertscore_f1": 0.6116240884380779,
        "bleurt": 0.46035425553376647
    }
}