{
    "all": {
        "rouge1": 0.2699099956968868,
        "rouge2": 0.1101330540320532,
        "rougeL": 0.18875951674940694,
        "rougeLsum": 0.18875951674940694,
        "bertscore_precision": 0.5401191027118609,
        "bertscore_recall": 0.6753636175623307,
        "bertscore_f1": 0.5902363178248589,
        "bleurt": 0.4640660478231999
    }
}