{
    "all": {
        "rouge1": 0.24999588792257418,
        "rouge2": 0.09778548241867735,
        "rougeL": 0.17490656045566566,
        "rougeLsum": 0.17490656045566566,
        "bertscore_precision": 0.537899437890603,
        "bertscore_recall": 0.6773760029902824,
        "bertscore_f1": 0.589522926394756,
        "bleurt": 0.4579382659151004
    }
}