{
    "all": {
        "rouge1": 0.25779717983227696,
        "rouge2": 0.10229605897041384,
        "rougeL": 0.18115985094883422,
        "rougeLsum": 0.18115985094883422,
        "bertscore_precision": 0.5415857774706987,
        "bertscore_recall": 0.6706883699848102,
        "bertscore_f1": 0.590664263528127,
        "bleurt": 0.4675216323767717
    }
}