{
    "all": {
        "rouge1": 0.2196112309430321,
        "rouge2": 0.08745159540687991,
        "rougeL": 0.1676492016139935,
        "rougeLsum": 0.1676492016139935,
        "bertscore_precision": 0.5769372886190047,
        "bertscore_recall": 0.625117520070993,
        "bertscore_f1": 0.5866628109262539,
        "bleurt": 0.4228655108465598
    }
}