{
    "all": {
        "rouge1": 0.21118171182037715,
        "rouge2": 0.08733579102212755,
        "rougeL": 0.16186959329194672,
        "rougeLsum": 0.16186959329194672,
        "bertscore_precision": 0.5525444924258269,
        "bertscore_recall": 0.6286698415875435,
        "bertscore_f1": 0.5749425963713573,
        "bleurt": 0.4180518417404248
    }
}