{
    "all": {
        "rouge1": 0.2273311397863114,
        "rouge2": 0.0838823195780731,
        "rougeL": 0.17481983261146972,
        "rougeLsum": 0.17481983261146972,
        "bertscore_precision": 0.5982770686862112,
        "bertscore_recall": 0.6234869310682304,
        "bertscore_f1": 0.5968694918685489,
        "bleurt": 0.41029798910307247
    }
}