{
    "all": {
        "rouge1": 0.21529785141933755,
        "rouge2": 0.07747092598214823,
        "rougeL": 0.16402485545445442,
        "rougeLsum": 0.16402485545445442,
        "bertscore_precision": 0.5562198765002764,
        "bertscore_recall": 0.6308649992713562,
        "bertscore_f1": 0.5757021860434459,
        "bleurt": 0.43192226752065693
    }
}