{
    "all": {
        "rouge1": 0.22218536465663924,
        "rouge2": 0.09269495261241849,
        "rougeL": 0.17049432756710486,
        "rougeLsum": 0.17049432756710486,
        "bertscore_precision": 0.5668284992185922,
        "bertscore_recall": 0.6422844983064211,
        "bertscore_f1": 0.5876610064735779,
        "bleurt": 0.43348049604548855
    }
}