{"ALLERGY": 1.7799999713897705, "ASSESSMENT": -0.7913656830787659, "CC": 0.1302046775817871, "DIAGNOSIS": -2.133648633956909, "DISPOSITION": -2.430678367614746, "EDCOURSE": -3.3412508964538574, "EXAM": -1.850454568862915, "FAM/SOCHX": 1.6618356704711914, "GENHX": -1.1657160520553589, "GYNHX": -3.1959140300750732, "IMAGING": -1.3366427421569824, "IMMUNIZATIONS": -2.2639448642730713, "LABS": -2.2099523544311523, "MEDICATIONS": 0.19995903968811035, "OTHER_HISTORY": -3.370854139328003, "PASTMEDICALHX": 1.3693574666976929, "PASTSURGICAL": -1.0447114706039429, "PLAN": -1.097058892250061, "PROCEDURES": -3.396135091781616, "ROS": -0.3317648768424988}