{"ALLERGY": 1.7925047874450684, "ASSESSMENT": -0.29629069566726685, "CC": -0.7685633897781372, "DIAGNOSIS": -1.9992899894714355, "DISPOSITION": -0.6160994172096252, "EDCOURSE": -1.9239951372146606, "EXAM": -1.9867300987243652, "FAM/SOCHX": -1.3425465822219849, "GENHX": -0.4949522912502289, "GYNHX": -2.712836503982544, "IMAGING": -3.0199263095855713, "IMMUNIZATIONS": -2.2480313777923584, "LABS": -2.2314624786376953, "MEDICATIONS": 0.5051843523979187, "OTHER_HISTORY": -3.1333186626434326, "PASTMEDICALHX": -0.8787872195243835, "PASTSURGICAL": 0.15439379215240479, "PLAN": -2.1296424865722656, "PROCEDURES": -3.361607313156128, "ROS": -1.212007999420166}